seq,time,data[0],data[1],data[2],data[3],data[4],data[5],data[6]
201,1713855195385408968,2066,2045,2037,2015,2042,2066,1193
202,1713855195395404307,2041,2064,2073,2086,2057,2041,1192
203,1713855195405408853,2056,2041,2034,2002,2043,2067,1196
204,1713855195415401747,2058,2060,2064,2096,2062,2043,1194
205,1713855195425404810,2054,2044,2032,2011,2044,2060,1195
206,1713855195435401522,2056,2068,2065,2102,2060,2041,1193
207,1713855195445409164,2069,2044,2040,2001,2048,2064,1194
208,1713855195455400394,2048,2064,2068,2096,2060,2038,1195
209,1713855195465406804,2071,2046,2036,2015,2042,2064,1198
210,1713855195475400429,2050,2068,2081,2109,2063,2040,1194
211,1713855195485410977,2057,2034,2047,2001,2046,2064,1198
212,1713855195495399794,2055,2054,2072,2095,2064,2044,1194
213,1713855195505407376,2058,2058,2064,1986,2045,2065,1197
214,1713855195515409086,2062,2079,2085,2094,2065,2041,1194
215,1713855195525408212,2069,2035,2018,1990,2040,2064,1196
216,1713855195535403190,2049,2065,2074,2108,2063,2041,1193
217,1713855195545408498,2064,2040,2038,1987,2039,2068,1195
218,1713855195555406862,2053,2053,2065,2096,2055,2041,1192
219,1713855195565408502,2052,2035,2027,1978,2043,2065,1194
220,1713855195575410484,2062,2088,2069,2128,2075,2042,1193
221,1713855195585410441,2064,2046,2048,1988,2044,2064,1196
222,1713855195595410579,2045,2075,2054,2112,2065,2040,1193
223,1713855195605406969,2051,2029,2027,1988,2047,2062,1197
224,1713855195615404202,2048,2063,2052,2123,2064,2041,1194
225,1713855195625401034,2065,2046,2038,2001,2042,2060,1196
226,1713855195635402304,2046,2056,2051,2122,2070,2042,1193
227,1713855195645408914,2057,2037,2038,2008,2039,2069,1195
228,1713855195655408560,2081,2079,2067,2135,2064,2045,1194
229,1713855195665406985,2052,2020,2015,1994,2044,2064,1195
230,1713855195675408886,2054,2061,2047,2112,2062,2040,1195
231,1713855195685407060,2056,2035,2033,1986,2045,2070,1197
232,1713855195695406657,2043,2062,2064,2106,2061,2041,1196
233,1713855195705405131,2061,2042,2049,1989,2045,2069,1195
234,1713855195715405399,2036,2069,2073,2136,2066,2041,1195
235,1713855195725405067,2060,2040,2033,1980,2044,2065,1196
236,1713855195735402479,2044,2045,2054,2115,2066,2039,1193
237,1713855195745407106,2065,2041,2040,1976,2040,2065,1195
238,1713855195755406542,2050,2061,2054,2116,2068,2042,1192
239,1713855195765408773,2060,2029,2017,1978,2042,2066,1196
240,1713855195775408741,2057,2072,2061,2116,2064,2040,1192
241,1713855195785410793,2037,2024,2033,1981,2041,2063,1197
242,1713855195795407143,2046,2063,2064,2131,2064,2043,1191
243,1713855195805404996,2057,2038,2040,1979,2042,2068,1196
244,1713855195815403381,2055,2065,2081,2106,2066,2040,1194
245,1713855195825405753,2060,2022,2024,1992,2036,2067,1196
246,1713855195835406102,2065,2085,2076,2120,2062,2042,1192
247,1713855195845407001,2057,2025,2038,1978,2042,2066,1198
248,1713855195855399384,2060,2083,2094,2100,2062,2040,1193
249,1713855195865418547,2052,2035,2057,1971,2048,2068,1197
250,1713855195875414607,2043,2066,2060,2126,2072,2045,1195
251,1713855195885412211,2074,2049,2057,1992,2046,2069,1197
252,1713855195895413390,2056,2078,2097,2130,2071,2040,1194
253,1713855195905412997,2054,2030,2036,1974,2041,2070,1194
254,1713855195915411682,2040,2071,2073,2113,2066,2041,1192
255,1713855195925410828,2062,2042,2044,1970,2041,2070,1195
256,1713855195935414453,2051,2088,2097,2144,2068,2042,1194
257,1713855195945412106,2073,2040,2048,1948,2050,2064,1196
258,1713855195955411371,2034,2063,2068,2125,2062,2038,1193
259,1713855195965410838,2071,2040,2026,2000,2040,2068,1194
260,1713855195975416246,2051,2072,2072,2146,2070,2042,1194
261,1713855195985410022,2074,2034,2030,1981,2027,2069,1194
262,1713855195995410500,2046,2088,2127,2122,2072,2041,1193
263,1713855196005407953,2057,2034,2024,1961,2041,2066,1196
264,1713855196015450881,2046,2061,2059,2122,2062,2038,1193
265,1713855196025450778,2064,2033,2030,1980,2041,2070,1197
266,1713855196035451387,2058,2107,2136,2120,2065,2041,1193
267,1713855196045449250,2076,2034,2018,1973,2044,2069,1196
268,1713855196055449137,2045,2056,2065,2145,2065,2035,1196
269,1713855196065446731,2074,2057,2038,1972,2038,2068,1198
270,1713855196075447469,2033,2061,2061,2140,2077,2033,1195
271,1713855196085452436,2066,2039,2041,1992,2041,2068,1201
272,1713855196095444479,2048,2069,2086,2136,2072,2038,1194
273,1713855196105444105,2077,2031,2031,1956,2040,2071,1194
274,1713855196115442660,2045,2073,2078,2126,2068,2036,1194
275,1713855196125443800,2060,2032,2031,1957,2041,2068,1193
276,1713855196135441012,2045,2066,2077,2159,2078,2040,1192
277,1713855196145440327,2064,2054,2053,1966,2033,2072,1195
278,1713855196155441147,2049,2084,2078,2134,2057,2032,1192
279,1713855196165438169,2070,2032,2040,1964,2032,2065,1195
280,1713855196175442634,2057,2069,2074,2157,2074,2036,1194
281,1713855196185438464,2069,2044,2047,1965,2036,2070,1193
282,1713855196195437951,2056,2089,2069,2140,2074,2040,1191
283,1713855196205437808,2070,2052,2041,1955,2026,2071,1198
284,1713855196215435240,2066,2116,2117,2160,2073,2045,1193
285,1713855196225434997,2058,2019,2029,1980,2046,2068,1196
286,1713855196235435706,2078,2084,2079,2146,2065,2036,1193
287,1713855196245432779,2061,2032,2033,1966,2037,2072,1196
288,1713855196255433677,2044,2060,2075,2153,2072,2037,1194
289,1713855196265431120,2061,2020,2025,1956,2038,2068,1197
290,1713855196275431168,2052,2058,2052,2136,2067,2039,1196
291,1713855196285431876,2053,2018,2022,1949,2034,2071,1196
292,1713855196295430040,2047,2088,2078,2144,2077,2033,1194
293,1713855196305429837,2052,2020,2017,1952,2037,2070,1194
294,1713855196315427570,2057,2081,2072,2169,2070,2037,1193
295,1713855196325427628,2059,2016,2027,1950,2036,2069,1196
296,1713855196335427716,2047,2061,2085,2155,2082,2038,1194
297,1713855196345425509,2078,2044,2033,1928,2037,2072,1196
298,1713855196355426598,2051,2074,2081,2146,2075,2036,1193
299,1713855196365422969,2059,2037,2040,1953,2037,2070,1195
300,1713855196375422846,2060,2091,2113,2160,2070,2038,1192
301,1713855196385427603,2059,2012,2012,1956,2034,2072,1197
302,1713855196395421869,2041,2069,2074,2174,2071,2037,1193
303,1713855196405422067,2061,2019,2018,1962,2033,2072,1197
304,1713855196415422536,2049,2090,2090,2162,2070,2037,1194
305,1713855196425418645,2060,2024,2029,1936,2033,2069,1193
306,1713855196435417891,2050,2074,2072,2149,2072,2031,1194
307,1713855196445417579,2091,2042,2026,1937,2030,2076,1193
308,1713855196455417817,2055,2100,2082,2156,2066,2030,1192
309,1713855196465416481,2061,2024,2027,1928,2036,2074,1197
310,1713855196475416198,2056,2100,2096,2177,2064,2031,1191
311,1713855196485416707,2070,2052,2067,1916,2040,2073,1195
312,1713855196495413758,2068,2102,2120,2186,2074,2029,1193
313,1713855196505414708,2061,2024,2025,1944,2036,2077,1194
314,1713855196515414595,2054,2096,2081,2170,2072,2036,1191
315,1713855196525414783,2070,2040,2033,1929,2028,2073,1196
316,1713855196535412937,2048,2078,2081,2172,2072,2033,1193
317,1713855196545415719,2066,2040,2029,1928,2032,2076,1195
318,1713855196555416759,2056,2069,2073,2180,2072,2034,1192
319,1713855196565415755,2067,2024,2009,1930,2029,2076,1193
320,1713855196575413507,2040,2077,2080,2169,2072,2032,1192
321,1713855196585415910,2068,2045,2040,1940,2037,2073,1195
322,1713855196595417801,2051,2077,2075,2192,2080,2033,1192
323,1713855196605416275,2060,1997,2012,1916,2029,2073,1196
324,1713855196615413718,2050,2081,2084,2161,2080,2026,1194
325,1713855196625412623,2072,2027,2024,1917,2028,2074,1195
326,1713855196635414494,2053,2083,2077,2189,2077,2028,1193
327,1713855196645415413,2060,2020,2025,1902,2026,2077,1197
328,1713855196655414028,2052,2091,2085,2188,2081,2032,1192
329,1713855196665414547,2066,2039,2031,1937,2036,2078,1196
330,1713855196675414544,2044,2083,2075,2188,2078,2026,1192
331,1713855196685414912,2064,2031,2028,1920,2029,2073,1195
332,1713855196695416853,2062,2073,2078,2177,2075,2032,1192
333,1713855196705414336,2054,2030,2043,1925,2033,2075,1195
334,1713855196715412219,2046,2069,2082,2192,2076,2031,1194
335,1713855196725411636,2071,2033,2022,1963,2045,2077,1195
336,1713855196735412776,2045,2078,2073,2172,2065,2032,1193
337,1713855196745413193,2061,2028,2029,1932,2030,2078,1193
338,1713855196755411668,2040,2058,2064,2182,2078,2032,1193
339,1713855196765414090,2072,2031,2050,1896,2025,2072,1196
340,1713855196775414369,2045,2077,2064,2177,2077,2034,1193
341,1713855196785414125,2065,2033,1996,1932,2036,2076,1195
342,1713855196795412620,2042,2070,2069,2184,2076,2033,1194
343,1713855196805414341,2060,2032,2026,1920,2029,2076,1195
344,1713855196815418365,2044,2072,2084,2160,2076,2029,1194
345,1713855196825419825,2051,2030,2026,1909,2038,2079,1197
346,1713855196835412279,2055,2101,2112,2176,2078,2032,1195
347,1713855196845413629,2058,2021,2005,1937,2028,2073,1196
348,1713855196855416061,2050,2072,2069,2171,2072,2033,1192
349,1713855196865412662,2060,2027,2042,1920,2032,2075,1197
350,1713855196875415455,2058,2107,2139,2177,2081,2032,1194
351,1713855196885411195,2057,2008,2012,1930,2029,2075,1197
352,1713855196895412674,2046,2066,2073,2168,2080,2031,1192
353,1713855196905413443,2056,2016,2024,1913,2031,2075,1193
354,1713855196915414232,2053,2076,2069,2194,2074,2028,1190
355,1713855196925414460,2058,2034,2044,1908,2027,2075,1194
356,1713855196935412323,2048,2074,2090,2176,2077,2032,1193
357,1713855196945423021,2076,2040,2032,1908,2029,2075,1195
358,1713855196955412999,2054,2089,2078,2165,2076,2032,1192
359,1713855196965414660,2054,2021,2020,1928,2029,2080,1197
360,1713855196975414427,2052,2084,2096,2191,2070,2031,1193
361,1713855196985414705,2069,2038,2033,1928,2028,2075,1194
362,1713855196995416566,2027,2080,2093,2195,2078,2028,1193
363,1713855197005413628,2049,2036,2056,1928,2032,2080,1194
364,1713855197015414597,2044,2072,2084,2170,2072,2032,1194
365,1713855197025413122,2056,2024,2039,1925,2028,2073,1196
366,1713855197035414802,2042,2088,2106,2179,2077,2031,1194
367,1713855197045445748,2053,2016,2025,1924,2032,2085,1195
368,1713855197055413525,2040,2084,2083,2169,2080,2026,1192
369,1713855197065443047,2080,2035,2010,1935,2032,2078,1196
370,1713855197075444348,2065,2105,2098,2186,2078,2028,1194
371,1713855197085443242,2059,2018,2013,1906,2035,2078,1194
372,1713855197095444192,2045,2081,2081,2188,2076,2028,1193
373,1713855197105441094,2061,2022,2021,1933,2028,2078,1195
374,1713855197115443024,2053,2090,2106,2182,2080,2030,1193
375,1713855197125438493,2056,2031,2024,1901,2024,2076,1194
376,1713855197135442618,2069,2093,2097,2187,2075,2030,1195
377,1713855197145437466,2059,2020,2024,1924,2027,2077,1195
378,1713855197155438936,2052,2089,2100,2205,2073,2029,1192
379,1713855197165437261,2065,2037,2015,1930,2028,2076,1196
380,1713855197175436356,2043,2072,2096,2170,2077,2029,1193
381,1713855197185435311,2069,2040,2047,1918,2029,2077,1195
382,1713855197195434447,2052,2072,2088,2186,2079,2031,1193
383,1713855197205431569,2064,2025,2017,1919,2029,2081,1196
384,1713855197215434753,2042,2077,2083,2176,2080,2032,1194
385,1713855197225431373,2062,2029,2035,1915,2032,2073,1196
386,1713855197235431912,2036,2073,2077,2182,2075,2024,1193
387,1713855197245430887,2058,2025,2045,1920,2020,2073,1195
388,1713855197255431846,2052,2078,2083,2172,2073,2026,1193
389,1713855197265430421,2067,2028,2033,1916,2027,2079,1200
390,1713855197275430779,2043,2073,2083,2154,2065,2025,1194
391,1713855197285430185,2058,2020,2022,1922,2030,2077,1197
392,1713855197295427297,2054,2097,2088,2210,2075,2031,1194
393,1713855197305425832,2060,2024,2021,1920,2024,2076,1194
394,1713855197315429416,2046,2084,2069,2192,2077,2032,1192
395,1713855197325423843,2077,2028,2013,1929,2030,2078,1197
396,1713855197335427176,2041,2080,2088,2180,2077,2026,1193
397,1713855197345422405,2069,2028,2021,1926,2037,2078,1195
398,1713855197355425518,2064,2081,2077,2188,2076,2025,1194
399,1713855197365422850,2067,2037,2034,1907,2033,2074,1195
400,1713855197375423178,2053,2093,2097,2194,2082,2032,1193
401,1713855197385421683,2069,2040,2033,1927,2032,2078,1196
402,1713855197395423243,2061,2085,2095,2192,2074,2026,1193
403,1713855197405420245,2058,2030,2028,1908,2029,2077,1197
404,1713855197415420923,2047,2074,2079,2194,2076,2027,1194
405,1713855197425418015,2061,2008,2020,1938,2028,2077,1197
406,1713855197435419245,2044,2072,2086,2206,2085,2027,1195
407,1713855197445418952,2061,2017,2018,1913,2021,2077,1198
408,1713855197455416865,2043,2073,2079,2192,2084,2029,1195
409,1713855197465416813,2067,2024,2025,1919,2030,2080,1196
410,1713855197475413183,2044,2079,2081,2196,2081,2024,1194
411,1713855197485410626,2062,2028,2013,1890,2029,2076,1196
412,1713855197495412276,2041,2064,2076,2193,2079,2030,1193
413,1713855197505408777,2059,2029,2014,1928,2025,2078,1193
414,1713855197515411469,2043,2067,2080,2202,2069,2025,1192
415,1713855197525408522,2055,2032,2026,1897,2021,2077,1197
416,1713855197535407677,2053,2081,2083,2192,2090,2030,1194
417,1713855197545410129,2050,2005,1992,1898,2026,2080,1196
418,1713855197555408784,2058,2079,2074,2187,2077,2030,1193
419,1713855197565410785,2056,2017,2025,1937,2024,2080,1195
420,1713855197575413828,2058,2124,2100,2180,2081,2031,1195
421,1713855197585414537,2064,2036,2057,1921,2029,2078,1195
422,1713855197595412851,2041,2073,2073,2182,2092,2024,1195
423,1713855197605411075,2064,2019,2016,1924,2028,2080,1196
424,1713855197615411413,2052,2096,2105,2195,2080,2028,1195
425,1713855197625444392,2070,2025,2008,1902,2031,2076,1197
426,1713855197635410326,2049,2080,2072,2188,2076,2025,1192
427,1713855197645409701,2065,2015,2017,1932,2035,2078,1197
428,1713855197655408717,2058,2068,2092,2188,2081,2028,1194
429,1713855197665439813,2064,2032,2037,1934,2025,2082,1196
430,1713855197675411968,2042,2071,2084,2181,2076,2030,1195
431,1713855197685437523,2064,2030,2015,1933,2032,2078,1194
432,1713855197695409799,2065,2105,2103,2189,2081,2033,1194
433,1713855197705410808,2062,2024,2034,1921,2029,2080,1193
434,1713855197715435873,2045,2088,2080,2182,2078,2026,1194
435,1713855197725433165,2069,2041,2032,1936,2035,2076,1197
436,1713855197735408025,2052,2088,2096,2196,2080,2028,1192
437,1713855197745408042,2067,2038,2033,1929,2028,2077,1196
438,1713855197755434940,2068,2076,2069,2193,2076,2029,1194
439,1713855197765409620,2072,2029,2024,1928,2024,2080,1196
440,1713855197775430918,2039,2076,2077,2164,2076,2029,1194
441,1713855197785409073,2057,2024,2032,1930,2029,2076,1194
442,1713855197795410924,2050,2087,2081,2188,2082,2028,1195
443,1713855197805430719,2063,2052,2041,1924,2028,2077,1196
444,1713855197815411480,2047,2090,2087,2187,2084,2030,1194
445,1713855197825429151,2060,2025,2029,1899,2030,2079,1196
446,1713855197835426273,2047,2075,2070,2214,2076,2027,1193
447,1713855197845411171,2052,2028,2020,1936,2023,2076,1194
448,1713855197855412742,2047,2068,2077,2157,2076,2032,1193
449,1713855197865409283,2058,2024,2029,1941,2029,2080,1196
450,1713855197875409691,2056,2096,2124,2184,2079,2026,1194
451,1713855197885409929,2061,2029,2027,1925,2027,2076,1197
452,1713855197895427239,2041,2071,2078,2179,2080,2028,1192
453,1713855197905407389,2056,2024,2027,1913,2017,2072,1193
454,1713855197915412616,2045,2084,2086,2183,2082,2028,1191
455,1713855197925410098,2064,2017,2013,1928,2031,2078,1194
456,1713855197935428210,2047,2086,2093,2172,2078,2031,1192
457,1713855197945408100,2058,2027,2024,1921,2031,2077,1195
458,1713855197955408758,2046,2083,2091,2180,2072,2029,1193
459,1713855197965408705,2060,2019,2022,1929,2039,2072,1196
460,1713855197975429141,2055,2078,2069,2161,2080,2032,1192
461,1713855197985428517,2053,2023,2036,1934,2030,2076,1195
462,1713855197995412184,2046,2076,2079,2164,2079,2033,1193
463,1713855198005414186,2061,2029,2016,1949,2027,2073,1197
464,1713855198015410996,2056,2080,2092,2158,2076,2032,1193
465,1713855198025409932,2061,2035,2046,1961,2041,2077,1196
466,1713855198035409999,2056,2076,2077,2186,2077,2029,1196
467,1713855198045410007,2051,2019,2009,1914,2029,2077,1193
468,1713855198055410184,2052,2069,2069,2154,2058,2036,1196
469,1713855198065407466,2053,2021,2024,1944,2031,2080,1195
470,1713855198075410008,2040,2072,2068,2173,2076,2028,1193
471,1713855198085407401,2068,2056,2057,1943,2034,2080,1197
472,1713855198095407589,2050,2077,2076,2150,2072,2036,1192
473,1713855198105409970,2050,2027,2030,1931,2028,2074,1194
474,1713855198115408204,2044,2068,2071,2181,2077,2029,1192
475,1713855198125407369,2060,2040,2029,1953,2026,2078,1195
476,1713855198135410553,2042,2078,2079,2150,2074,2027,1189
477,1713855198145409318,2058,2032,2033,1939,2034,2076,1196
478,1713855198155408173,2053,2083,2080,2174,2076,2033,1192
479,1713855198165408842,2059,2029,2032,1957,2028,2072,1195
480,1713855198175413077,2051,2074,2063,2170,2074,2029,1192
481,1713855198185409808,2060,2030,2034,1933,2026,2075,1196
482,1713855198195407290,2066,2081,2091,2153,2075,2031,1193
483,1713855198205436964,2054,2030,2062,1949,2032,2069,1197
484,1713855198215410230,2068,2063,2065,2160,2081,2035,1194
485,1713855198225413454,2054,2044,2058,1945,2031,2072,1193
486,1713855198235408743,2047,2078,2077,2192,2081,2030,1195
487,1713855198245411014,2062,2038,2031,1944,2031,2076,1195
488,1713855198255408697,2056,2080,2089,2168,2076,2037,1194
489,1713855198265409355,2065,2047,2078,1954,2035,2073,1195
490,1713855198275412749,2050,2069,2076,2155,2077,2035,1192
491,1713855198285411043,2060,2044,2042,1936,2029,2077,1195
492,1713855198295409247,2025,2064,2081,2158,2073,2034,1193
493,1713855198305407521,2066,2032,2021,1959,2033,2075,1194
494,1713855198315407969,2041,2056,2069,2161,2070,2034,1192
495,1713855198325408538,2050,2015,2027,1936,2026,2075,1193
496,1713855198335408645,2047,2090,2093,2176,2072,2040,1192
497,1713855198345415215,2072,2047,2052,1950,2035,2075,1196
498,1713855198355407097,2047,2069,2074,2164,2083,2034,1193
499,1713855198365404800,2060,2035,2024,1936,2048,2074,1194
500,1713855198375408023,2070,2087,2086,2177,2072,2029,1190
501,1713855198385405896,2058,2036,2029,1988,2047,2077,1195
502,1713855198395412025,2056,2071,2076,2167,2075,2040,1192
503,1713855198405411391,2048,2022,2032,1962,2032,2073,1196
504,1713855198415409805,2046,2070,2076,2153,2074,2036,1195
505,1713855198425410443,2056,2038,2043,1945,2033,2073,1196
506,1713855198435412004,2049,2073,2071,2156,2074,2034,1191
507,1713855198445412192,2061,2042,2033,1941,2033,2072,1195
508,1713855198455407380,2051,2069,2076,2134,2069,2029,1196
509,1713855198465412487,2060,2033,2038,1939,2040,2074,1196
510,1713855198475418275,2039,2065,2069,2140,2072,2030,1192
511,1713855198485408494,2060,2026,2017,1963,2036,2078,1195
512,1713855198495413881,2052,2082,2100,2143,2068,2032,1192
513,1713855198505412766,2063,2033,2036,1957,2030,2075,1194
514,1713855198515411561,2053,2085,2096,2156,2076,2034,1192
515,1713855198525411869,2058,2032,2033,1963,2033,2076,1193
516,1713855198535413259,2053,2078,2076,2145,2070,2040,1192
517,1713855198545411282,2056,2034,2048,1933,2037,2075,1195
518,1713855198555409457,2067,2081,2072,2141,2086,2031,1192
519,1713855198565408983,2057,2029,2034,1954,2035,2073,1192
520,1713855198575409551,2049,2077,2080,2169,2074,2036,1193
521,1713855198585411523,2073,2038,2032,1945,2033,2069,1196
522,1713855198595412451,2050,2068,2072,2138,2082,2033,1194
523,1713855198605409844,2060,2032,2030,1954,2034,2070,1194
524,1713855198615409570,2050,2089,2081,2152,2068,2036,1195
525,1713855198625413856,2074,2064,2043,1986,2028,2073,1195
526,1713855198635410857,2054,2073,2073,2154,2078,2038,1193
527,1713855198645410204,2056,2039,2037,1951,2034,2072,1194
528,1713855198655411934,2067,2088,2079,2140,2068,2035,1194
529,1713855198665410969,2053,2036,2037,1960,2036,2073,1198
530,1713855198675411368,2053,2068,2065,2136,2057,2032,1193
531,1713855198685411154,2064,2044,2044,1983,2046,2073,1195
532,1713855198695410150,2046,2066,2068,2154,2078,2037,1193
533,1713855198705417530,2060,2046,2068,1974,2042,2074,1194
534,1713855198715411647,2042,2064,2084,2161,2077,2036,1191
535,1713855198725410662,2062,2048,2034,1970,2032,2068,1194
536,1713855198735411822,2048,2065,2061,2154,2075,2031,1192
537,1713855198745411719,2057,2037,2038,2002,2044,2072,1196
538,1713855198755411105,2052,2069,2076,2150,2073,2038,1192
539,1713855198765412095,2072,2040,2036,1973,2030,2068,1198
540,1713855198775412452,2050,2057,2058,2148,2075,2037,1192
541,1713855198785412189,2065,2060,2094,1986,2041,2070,1197
542,1713855198795412226,2048,2080,2100,2111,2080,2040,1192
543,1713855198805412224,2049,2019,2005,1929,2032,2067,1197
544,1713855198815412872,2063,2095,2094,2120,2064,2041,1192
545,1713855198825412849,2064,2042,2043,1985,2008,2058,1197
546,1713855198835413428,2048,2070,2058,2136,2064,2034,1194
547,1713855198845413495,2065,2068,2056,1961,2028,2067,1198
548,1713855198855414244,2061,2075,2079,2154,2057,2034,1195
549,1713855198865413950,2056,2038,2048,1960,2027,2072,1196
550,1713855198875414920,2051,2078,2064,2153,2056,2037,1193
551,1713855198885414627,2061,2061,2041,2005,2019,2072,1196
552,1713855198895414573,2052,2066,2069,2128,2086,2038,1194
553,1713855198905413659,2047,2031,2037,2044,2044,2067,1193
554,1713855198915414508,2058,2079,2077,2140,2078,2036,1194
555,1713855198925414005,2050,2048,2050,1977,2060,2071,1195
556,1713855198935415635,2050,2071,2068,2145,2061,2035,1194
557,1713855198945418658,2063,2036,2042,1954,2044,2069,1194
558,1713855198955415930,2048,2067,2060,2106,2074,2041,1194
559,1713855198965417971,2052,2036,2034,2006,2037,2067,1194
560,1713855198975415965,2060,2073,2069,2082,2060,2036,1194
561,1713855198985416723,2060,2036,2040,2024,2048,2068,1194
562,1713855198995416731,2049,2056,2052,2136,2067,2038,1193
563,1713855199005416176,2056,2035,2044,1980,2044,2070,1196
564,1713855199015416715,2049,2062,2065,2088,2058,2037,1196
565,1713855199025416852,2068,2045,2066,1923,2036,2066,1195
566,1713855199035417290,2056,2065,2053,2082,2055,2040,1192
567,1713855199045417898,2057,2030,2040,1965,2034,2072,1195
568,1713855199055417656,2057,2083,2084,2088,2049,2033,1193
569,1713855199065418343,2040,2016,2048,2032,2042,2064,1195
570,1713855199075418121,2051,2061,2065,2096,2069,2040,1193
571,1713855199085416264,2058,2036,2034,1994,2041,2064,1196
572,1713855199095417444,2055,2077,2069,2105,2058,2041,1192
573,1713855199105418903,2056,2040,2038,2009,2045,2071,1193
574,1713855199115419552,2052,2081,2064,2096,2048,2033,1192
575,1713855199125420240,2057,2036,2037,1961,2042,2061,1195
576,1713855199135436338,2050,2061,2076,2122,2060,2047,1192
577,1713855199145418742,2063,2044,2043,2013,2035,2065,1197
578,1713855199155420132,2052,2061,2064,2112,2068,2052,1194
579,1713855199165419758,2063,2028,2044,1966,2054,2066,1194
580,1713855199175421179,2062,2060,2085,2120,2035,2034,1192
581,1713855199185419863,2057,2034,2052,2007,2068,2068,1197
582,1713855199195420993,2045,2062,2061,2096,2057,2033,1193
583,1713855199205419867,2059,2040,2048,2008,2050,2069,1196
584,1713855199215420656,2046,2064,2066,2122,2065,2044,1194
585,1713855199225420362,2054,2038,2046,1989,2058,2068,1194
586,1713855199235420771,2048,2066,2056,2106,2064,2040,1194
587,1713855199245403225,2061,2042,2041,2000,2046,2063,1197
588,1713855199255421717,2066,2087,2069,2143,2059,2044,1193
589,1713855199265420782,2080,2075,2066,1958,2050,2064,1197
590,1713855199275421972,2043,2060,2062,2122,2068,2044,1194
591,1713855199285421478,2064,2040,2045,2009,2054,2064,1193
592,1713855199295422758,2045,2064,2060,2122,2072,2044,1193
593,1713855199305422324,2058,2038,2043,2002,2058,2068,1193
594,1713855199315422502,2049,2068,2072,2103,2053,2044,1193
595,1713855199325422458,2060,2039,2029,1961,2051,2064,1197
596,1713855199335422837,2053,2065,2053,2106,2053,2042,1193
597,1713855199345405551,2060,2042,2038,1991,2037,2065,1193
598,1713855199355422731,2048,2079,2067,2122,2067,2044,1193
599,1713855199365422297,2062,2036,2039,1978,2045,2066,1197
600,1713855199375406555,2047,2069,2067,2141,2062,2040,1193
601,1713855199385406031,2059,2038,2046,2012,2069,2072,1195
602,1713855199395424042,2052,2072,2068,2124,2056,2038,1192
603,1713855199405423077,2064,2037,2050,1974,2056,2069,1197
604,1713855199415406494,2049,2064,2060,2140,2060,2044,1196
605,1713855199425423893,2060,2037,2037,1989,2043,2063,1196
606,1713855199435407139,2053,2083,2074,2091,2064,2037,1192
607,1713855199445405884,2061,2045,2069,1945,2054,2071,1193
608,1713855199455406392,2048,2066,2060,2146,2074,2041,1192
609,1713855199465406790,2059,2032,2037,1981,2049,2063,1196
610,1713855199475407729,2056,2072,2075,2125,2059,2041,1192
611,1713855199485406955,2060,2028,2035,1975,2060,2072,1195
612,1713855199495407863,2051,2064,2056,2092,2043,2036,1193
613,1713855199505407059,2065,2060,2042,1983,2044,2068,1193
614,1713855199515410302,2045,2070,2078,2111,2056,2040,1192
615,1713855199525409779,2058,2026,2047,2056,2049,2064,1196
616,1713855199535408714,2060,2089,2092,2131,2062,2043,1192
617,1713855199545408661,2061,2033,2030,1981,2052,2069,1196
618,1713855199555408698,2054,2077,2077,2117,2057,2038,1192
619,1713855199565409507,2057,2036,2041,1971,2035,2066,1194
620,1713855199575409694,2055,2072,2072,2133,2058,2040,1194
621,1713855199585409321,2060,2036,2048,1985,2056,2068,1196
622,1713855199595409959,2056,2086,2086,2149,2039,2029,1191
623,1713855199605408734,2064,2052,2062,2003,2049,2068,1195
624,1713855199615411026,2060,2099,2112,2128,2062,2042,1194
625,1713855199625410322,2061,2043,2033,1994,2045,2065,1195
626,1713855199635410459,2056,2104,2097,2110,2054,2035,1193
627,1713855199645409725,2078,2045,2030,1973,2056,2072,1196
628,1713855199655410654,2052,2066,2068,2128,2045,2036,1193
629,1713855199665410731,2056,2029,2035,1975,2062,2068,1197
630,1713855199675411540,2056,2104,2101,2130,2068,2046,1193
631,1713855199685410686,2056,2026,2022,1989,2053,2073,1197
632,1713855199695410442,2050,2074,2058,2128,2064,2041,1194
633,1713855199705411862,2059,2041,2047,1982,2058,2072,1196
634,1713855199715410196,2047,2067,2065,2136,2056,2038,1193
635,1713855199725412307,2037,2015,2038,1982,2051,2071,1195
636,1713855199735413046,2041,2077,2098,2178,2088,2053,1197
637,1713855199745411681,2056,2025,2017,2005,2054,2070,1195
638,1713855199755410475,2046,2060,2058,2152,2053,2034,1193
639,1713855199765410122,2063,2040,2060,1972,2041,2064,1197
640,1713855199775408756,2046,2068,2064,2122,2056,2038,1193
641,1713855199785410167,2062,2056,2045,1988,2052,2068,1196
642,1713855199795409823,2064,2104,2107,2112,2060,2040,1192
643,1713855199805412826,2056,2021,2021,1989,2049,2070,1196
644,1713855199815408795,2057,2061,2064,2115,2060,2040,1195
645,1713855199825411247,2052,2027,2034,1976,2076,2084,1197
646,1713855199835409150,2072,2080,2074,2130,2062,2036,1193
647,1713855199845407896,2064,2024,2026,2105,2108,2072,1195
648,1713855199855406389,2048,2078,2078,2108,2068,2042,1191
649,1713855199865411467,2061,2036,2037,1986,2045,2073,1196
650,1713855199875412525,2052,2072,2054,2118,2051,2036,1192
651,1713855199885412673,2057,2028,2028,1984,2043,2072,1195
652,1713855199895410015,2059,2094,2100,2129,2059,2039,1192
653,1713855199905410644,2057,2024,2028,1985,2052,2067,1192
654,1713855199915411242,2048,2072,2069,2117,2058,2035,1192
655,1713855199925413624,2047,2034,2061,1985,2056,2071,1195
656,1713855199935411176,2041,2068,2062,2121,2058,2034,1193
657,1713855199945411364,2061,2031,2024,1978,2052,2066,1196
658,1713855199955409597,2049,2051,2039,2131,2061,2040,1194
659,1713855199965410888,2047,2004,1997,1985,2049,2069,1195
660,1713855199975412758,2048,2067,2065,2114,2056,2037,1192
661,1713855199985410872,2057,2037,2049,1996,2052,2072,1195
662,1713855199995412141,2056,2074,2069,2127,2060,2033,1192
663,1713855200005411177,2056,2037,2042,1960,2049,2067,1195
664,1713855200015411925,2057,2085,2071,2133,2053,2040,1193
665,1713855200025411903,2058,2036,2039,1952,2047,2068,1197
666,1713855200035410637,2053,2077,2066,2137,2059,2044,1195
667,1713855200045410002,2054,2040,2044,1980,2058,2068,1195
668,1713855200055408618,2050,2084,2096,2144,2060,2037,1194
669,1713855200065405689,2057,2029,2029,1944,2043,2072,1196
670,1713855200075411427,2072,2092,2080,2116,2060,2034,1194
671,1713855200085410432,2073,2033,2016,1983,2043,2069,1196
672,1713855200095408706,2056,2077,2077,2185,2077,2041,1194
673,1713855200105409445,2056,2032,2040,1995,2049,2062,1193
674,1713855200115409491,2055,2078,2069,2109,2058,2038,1190
675,1713855200125411202,2061,2035,2046,1993,2053,2075,1195
676,1713855200135410317,2050,2066,2064,2133,2057,2040,1193
677,1713855200145411677,2060,2049,2068,1996,2052,2075,1195
678,1713855200155409921,2056,2068,2073,2125,2060,2035,1191
679,1713855200165405409,2053,2016,2038,1978,2043,2074,1195
680,1713855200175412620,2047,2060,2056,2104,2056,2043,1193
681,1713855200185410593,2062,2057,2091,1981,2048,2071,1194
682,1713855200195413957,2052,2061,2058,2108,2058,2035,1192
683,1713855200205411620,2057,2032,2028,1972,2049,2074,1196
684,1713855200215409953,2045,2057,2040,2090,2050,2029,1194
685,1713855200225412265,2034,2016,2034,1969,2046,2065,1195
686,1713855200235409226,2056,2111,2116,2144,2062,2035,1192
687,1713855200245413061,2048,2015,2018,2006,2046,2072,1197
688,1713855200255409561,2056,2072,2073,2123,2060,2036,1194
689,1713855200265412695,2061,2032,2020,1992,2047,2072,1196
690,1713855200275409355,2047,2076,2073,2129,2061,2034,1191
691,1713855200285409181,2059,2036,2040,1989,2056,2072,1196
692,1713855200295410041,2053,2073,2074,2112,2050,2032,1192
693,1713855200305419846,2056,2030,2040,2013,2056,2051,1193
694,1713855200315410316,2052,2076,2064,2131,2056,2037,1192
695,1713855200325410423,2059,2039,2028,1996,2050,2074,1196
696,1713855200335410029,2052,2072,2076,2129,2063,2030,1193
697,1713855200345406209,2062,2036,2037,1997,2043,2069,1195
698,1713855200355410454,2052,2084,2117,2130,2062,2046,1191
699,1713855200365408388,2060,2026,2034,1986,2056,2069,1193
700,1713855200375412792,2050,2073,2074,2109,2056,2041,1194
701,1713855200385410987,2056,2031,2036,1988,2044,2052,1195
702,1713855200395409771,2054,2077,2070,2131,2064,2036,1193
703,1713855200405409217,2061,2040,2035,1988,2061,2077,1197
704,1713855200415413833,2054,2072,2069,2125,2078,2046,1195
705,1713855200425411576,2060,2038,2045,2037,2065,2089,1198
706,1713855200435410862,2055,2068,2066,2080,2038,1832,1192
707,1713855200445409526,2057,2033,2026,1979,2036,2067,1195
708,1713855200455421626,2056,2078,2070,2115,2083,2052,1196
709,1713855200465410522,2056,2032,2035,1987,2030,2059,1194
710,1713855200475411641,2067,2090,2073,2108,2065,2045,1193
711,1713855200485410036,2060,2028,2030,2008,2050,2072,1197
712,1713855200495412297,2052,2078,2068,2108,2064,2037,1194
713,1713855200505410972,2047,2038,2043,1966,2030,2064,1193
714,1713855200515414185,2058,2077,2067,2117,2069,2037,1193
715,1713855200525411657,2060,2032,2039,1981,2037,2039,1192
716,1713855200535410693,2052,2072,2072,2122,2058,2042,1192
717,1713855200545409818,2058,2034,2041,1972,2034,2073,1194
718,1713855200555410206,2056,2075,2065,2109,2052,2060,1194
719,1713855200565412227,2062,2036,2047,1989,2048,2081,1195
720,1713855200575410881,2047,2067,2067,2117,2060,2057,1194
721,1713855200585410037,2058,2040,2044,1976,2045,2068,1195
722,1713855200595408721,2084,2082,2073,2123,2047,1987,1192
